"Destination Address","fwd_pkts"
"173.39.128.142","111535136"
"34.68.219.28","5388850"
"10.71.129.95","2072631"
"172.18.201.255","1000044"
"170.133.177.237","939893"
"172.16.17.18","645323"
"172.17.1.9","292415"
"10.244.0.5","200147"
"10.244.0.6","199683"
"172.17.1.13","103689"
"172.17.1.10","103678"
"172.17.1.11","103678"
"172.17.1.8","103674"
"172.17.1.12","52124"
"172.18.11.4","51831"
"172.18.201.1","41587"
"10.244.1.77","34556"
"10.244.2.49","34556"
"172.17.1.5","31349"
"172.18.201.2","30068"
